tree_id,legal_status,species,address,site_order,site_info,caretaker,date,dbh,plot_size,latitude,longitude
73682,DPW Maintained,Arbutus 'Marina' :: Hybrid Strawberry Tree,2232 Ortega St,1.0,Sidewalk: Curb side : Cutout,Private,12/16/1995,9.0,,37.75195044,-122.4876878
26358,DPW Maintained,Arbutus 'Marina' :: Hybrid Strawberry Tree,2799 San Jose Ave,3.0,Sidewalk: Curb side : Cutout,DPW,3/8/2005,3.0,3x3,37.71317821,-122.4533665
11578,Permitted Site,Arbutus 'Marina' :: Hybrid Strawberry Tree,3930 Judah St,1.0,Sidewalk: Curb side : Cutout,Private,11/12/2014,3.0,4x10,37.76054036,-122.504122
95886,DPW Maintained,Arbutus 'Marina' :: Hybrid Strawberry Tree,1851 20th Ave,1.0,Sidewalk: Curb side : Cutout,Private,7/27/2011,2.0,3x3,37.75321119,-122.4775649
159888,DPW Maintained,Arbutus 'Marina' :: Hybrid Strawberry Tree,63 Niagara Ave,1.0,Sidewalk: Curb side : Cutout,Private,11/10/2018,3.0,3x9,37.71654596,-122.4429832
4263,Permitted Site,Arbutus 'Marina' :: Hybrid Strawberry Tree,4140 Cesar Chavez St,3.0,Sidewalk: Curb side : Cutout,Private,1/31/2013,3.0,3X3,37.74742697,-122.4326631
29208,DPW Maintained,Arbutus 'Marina' :: Hybrid Strawberry Tree,2002X 41st Ave,10.0,Sidewalk: Curb side : Cutout,DPW,3/18/2006,3.0,3X3,37.74938507,-122.4996918
84113,DPW Maintained,Arbutus 'Marina' :: Hybrid Strawberry Tree,584 Leland Ave,1.0,Sidewalk: Curb side : Cutout,Private,6/5/2008,5.0,3x3,37.71475791,-122.4153434
92830,DPW Maintained,Arbutus 'Marina' :: Hybrid Strawberry Tree,1039 Santiago St,1.0,Sidewalk: Curb side : Cutout,Private,11/23/2009,3.0,,37.74471691,-122.4786426
25426,DPW Maintained,Arbutus 'Marina' :: Hybrid Strawberry Tree,135X Mansell St,2.0,Sidewalk: Curb side : Cutout,DPW,6/10/2011,3.0,3x3,37.72101701,-122.4023075
90857,DPW Maintained,Arbutus 'Marina' :: Hybrid Strawberry Tree,2345 Cabrillo St,1.0,Sidewalk: Curb side : Cutout,DPW,2/19/2008,3.0,3x3,37.77437674,-122.4840456
255490,Permitted Site,Arbutus 'Marina' :: Hybrid Strawberry Tree,1345 Ocean Ave,,Sidewalk: Curb side : Cutout,Private,5/31/2018,3.0,3x3,37.72393166,-122.4567675
87559,DPW Maintained,Arbutus 'Marina' :: Hybrid Strawberry Tree,4135 Judah St,1.0,Sidewalk: Curb side : Cutout,DPW,2/24/2008,3.0,3x3,37.76031018,-122.5066252
250564,DPW Maintained,Arbutus 'Marina' :: Hybrid Strawberry Tree,501 El Camino Del Mar,1.0,Sidewalk: Curb side : Yard,Private,8/8/2019,3.0,Width 6ft,37.78760119,-122.4886862
86344,DPW Maintained,Arbutus 'Marina' :: Hybrid Strawberry Tree,2363 25th Ave,1.0,Sidewalk: Curb side : Cutout,DPW,12/18/2006,3.0,3x3,37.74347936,-122.4822505
219808,DPW Maintained,Arbutus 'Marina' :: Hybrid Strawberry Tree,522 Douglass St,2.0,Sidewalk: Curb side : Cutout,Private,5/27/1998,13.0,Width 3ft,37.7550261,-122.4389266
29197,DPW Maintained,Arbutus 'Marina' :: Hybrid Strawberry Tree,3001X Ortega St,4.0,Sidewalk: Curb side : Cutout,DPW,3/18/2006,3.0,3X3,37.75145675,-122.4956573
82351,DPW Maintained,Arbutus 'Marina' :: Hybrid Strawberry Tree,195 Dublin St,3.0,Sidewalk: Curb side : Cutout,Private,6/4/2008,4.0,3x3,37.71708793,-122.4274318
115755,DPW Maintained,Arbutus 'Marina' :: Hybrid Strawberry Tree,30 Brunswick St,1.0,Sidewalk: Curb side : Cutout,Private,2/24/2016,3.0,,37.71191656,-122.4386809
24443,DPW Maintained,Arbutus 'Marina' :: Hybrid Strawberry Tree,1900 03rd St,23.0,Sidewalk: Curb side : Cutout,DPW,3/11/2007,3.0,3X3,37.76490768,-122.3890518
165665,DPW Maintained,Arbutus 'Marina' :: Hybrid Strawberry Tree,14 Vasquez Ave,1.0,Sidewalk: Curb side : Cutout,Private,1/26/2018,3.0,3x3,37.74640388,-122.4573832
86030,DPW Maintained,Arbutus 'Marina' :: Hybrid Strawberry Tree,1334 28th Ave,1.0,Sidewalk: Curb side : Cutout,DPW,1/12/2007,3.0,3x3,37.7624647,-122.4866505
92419,DPW Maintained,Arbutus 'Marina' :: Hybrid Strawberry Tree,1522 38th Ave,1.0,Sidewalk: Curb side : Cutout,Private,7/29/2009,1.0,3x3,37.75846871,-122.4971135
44476,DPW Maintained,Arbutus 'Marina' :: Hybrid Strawberry Tree,295 Harvard St,1.0,Sidewalk: Curb side : Cutout,Private,6/2/2008,6.0,3x3,37.72604936,-122.4203509
68654,DPW Maintained,Arbutus 'Marina' :: Hybrid Strawberry Tree,222 07th Ave,1.0,Sidewalk: Curb side : Cutout,Private,6/8/2008,10.0,3x3,37.78427125,-122.4655102
90623,DPW Maintained,Arbutus 'Marina' :: Hybrid Strawberry Tree,2930 Cabrillo St,1.0,Sidewalk: Curb side : Cutout,DPW,2/18/2008,3.0,3x3,37.77424235,-122.4903177
41243,DPW Maintained,Arbutus 'Marina' :: Hybrid Strawberry Tree,727 De Haro St,1.0,Sidewalk: Curb side : Cutout,Private,12/2/1999,11.0,3x3,37.76061062,-122.4010838
12937,Permitted Site,Arbutus 'Marina' :: Hybrid Strawberry Tree,6668X 03rd St,4.0,Sidewalk: Curb side : Cutout,Private,10/1/2012,12.0,3X3,37.71858863,-122.3978642
89742,DPW Maintained,Arbutus 'Marina' :: Hybrid Strawberry Tree,1131 Anza St,1.0,Sidewalk: Curb side : Cutout,DPW,2/11/2008,3.0,3x3,37.77918667,-122.4604422
108401,Permitted Site,Arbutus 'Marina' :: Hybrid Strawberry Tree,1180 York St,1.0,Sidewalk: Curb side : Cutout,Private,12/19/2014,3.0,3x3,37.75317255,-122.4082891
73498,DPW Maintained,Arbutus 'Marina' :: Hybrid Strawberry Tree,1545 Ortega St,1.0,Sidewalk: Curb side : Cutout,Private,4/22/1995,6.0,,37.75212469,-122.4804122
81839,DPW Maintained,Arbutus 'Marina' :: Hybrid Strawberry Tree,1299X Larkin St,5.0,Sidewalk: Curb side : Cutout,DPW for City Agency,12/20/2007,4.0,3x3,37.78971294,-122.4191947
53215,DPW Maintained,Arbutus 'Marina' :: Hybrid Strawberry Tree,770 Arkansas St,1.0,Sidewalk: Curb side : Cutout,Private,1/11/1997,12.0,,37.75638202,-122.3979814
87697,Permitted Site,Arbutus 'Marina' :: Hybrid Strawberry Tree,699X Junipero Serra Blvd,12.0,Sidewalk: Curb side : Cutout,PUC,1/18/2008,3.0,3x3,37.72684986,-122.4719566
86039,DPW Maintained,Arbutus 'Marina' :: Hybrid Strawberry Tree,1293 28th Ave,1.0,Sidewalk: Curb side : Cutout,DPW,1/12/2007,6.0,3x3,37.76329857,-122.4868511
88497,DPW Maintained,Arbutus 'Marina' :: Hybrid Strawberry Tree,1701 Lane St,3.0,Sidewalk: Curb side : Cutout,Private,7/18/2008,4.0,3x3,37.73141335,-122.3901481
92299,DPW Maintained,Arbutus 'Marina' :: Hybrid Strawberry Tree,1583 22nd Ave,2.0,Sidewalk: Curb side : Cutout,Private,7/27/2009,4.0,3x3,37.75814713,-122.4800444
255396,Permitted Site,Arbutus 'Marina' :: Hybrid Strawberry Tree,48 Peralta Ave,1.0,Sidewalk: Curb side : Cutout,Private,5/17/2018,3.0,3x3,37.74797911,-122.4059693
32736,DPW Maintained,Arbutus 'Marina' :: Hybrid Strawberry Tree,918 Capitol Ave,1.0,Sidewalk: Curb side : Cutout,Private,10/11/2007,8.0,3x3,37.71858666,-122.4591266
12356,Permitted Site,Lophostemon confertus :: Brisbane Box,1275X Ellis St,2.0,Sidewalk: Curb side : Cutout,Private,5/26/1997,6.0,3X3,37.78297771,-122.4270979
27471,DPW Maintained,Lophostemon confertus :: Brisbane Box,3101 03rd St,6.0,Sidewalk: Curb side : Cutout,Private,12/19/2000,3.0,3X3,37.74947887,-122.3873578
10324,DPW Maintained,Lophostemon confertus :: Brisbane Box,777 Haight St,1.0,Sidewalk: Curb side : Cutout,Private,8/16/1996,25.0,3X3,37.77145755,-122.4350037
24026,Permitted Site,Lophostemon confertus :: Brisbane Box,30 Westbrook Ct,1.0,Sidewalk: Curb side : Cutout,Private,2/4/1998,6.0,3X4,37.73502973,-122.3821427
9797,Permitted Site,Lophostemon confertus :: Brisbane Box,997X Gough St,8.0,Sidewalk: Curb side : Cutout,Rec/Park,3/8/2006,3.0,3X3,37.78242022,-122.4241843
228870,DPW Maintained,Lophostemon confertus :: Brisbane Box,132 Church St,1.0,:,Private,11/3/2006,2.0,Width 4ft,37.76877997,-122.4291927
7740,DPW Maintained,Lophostemon confertus :: Brisbane Box,345 Franklin St,1.0,Sidewalk: Curb side : Cutout,Private,1/7/1995,12.0,3X3,37.77768373,-122.4215378
16279,DPW Maintained,Lophostemon confertus :: Brisbane Box,696 Monterey Blvd,1.0,Sidewalk: Curb side : Cutout,DPW,7/1/2011,3.0,3x3,37.73163289,-122.4509257
21855,Permitted Site,Lophostemon confertus :: Brisbane Box,215X Cabrillo St,2.0,Sidewalk: Curb side : Cutout,Private,6/16/2016,3.0,3X3,37.77544024,-122.4608321
29442,DPW Maintained,Lophostemon confertus :: Brisbane Box,2225 Ingalls St,1.0,Sidewalk: Curb side : Cutout,DPW,5/22/2012,3.0,2x2,37.72515149,-122.3874443
14632,DPW Maintained,Lophostemon confertus :: Brisbane Box,580 McAllister St,4.0,Sidewalk: Curb side : Cutout,Private,9/29/1989,30.0,4X4,37.77999347,-122.4215775
95093,DPW Maintained,Lophostemon confertus :: Brisbane Box,99X 08th St,1.0,Sidewalk: Curb side : Cutout,DPW,2/11/2006,3.0,3x3,37.77751972,-122.4131383
29337,DPW Maintained,Lophostemon confertus :: Brisbane Box,1500X Portola Dr,5.0,Median : Cutout,DPW,1/16/2006,3.0,3X3,37.73667874,-122.4693298
10546,DPW Maintained,Lophostemon confertus :: Brisbane Box,187 Harbor Rd,1.0,Sidewalk: Curb side : Cutout,DPW,8/16/1995,12.0,3X4,37.73265263,-122.3786681
29250,DPW Maintained,Lophostemon confertus :: Brisbane Box,1300X Cesar Chavez St,3.0,Sidewalk: Curb side : Cutout,DPW,7/23/2015,3.0,3X3,37.75018763,-122.3904601
32433,DPW Maintained,Lophostemon confertus :: Brisbane Box,370 Lexington St,1.0,Sidewalk: Curb side : Cutout,Private,10/9/1996,16.0,,37.75739026,-122.4204372
100080,DPW Maintained,Lophostemon confertus :: Brisbane Box,701X POLK ST,1.0,Sidewalk: Curb side : Cutout,Private,2/18/2015,3.0,3x3,37.78317493,-122.4194619
29257,DPW Maintained,Lophostemon confertus :: Brisbane Box,300X Portola Dr,1.0,Median : Cutout,DPW,10/14/2005,3.0,3X3,37.74692581,-122.4452443
21999,DPW Maintained,Lophostemon confertus :: Brisbane Box,2636 03rd St,1.0,Sidewalk: Curb side : Cutout,DPW,2/14/2014,3.0,3x3,37.75633379,-122.3882399
29510,DPW Maintained,Lophostemon confertus :: Brisbane Box,1900X Ingalls St,1.0,Sidewalk: Curb side : Cutout,DPW,2/28/2006,3.0,3x3,37.72716688,-122.385865
4651,DPW Maintained,Lophostemon confertus :: Brisbane Box,579 Columbus Ave,1.0,Sidewalk: Curb side : Cutout,Private,3/24/2016,3.0,3X3,37.80017696,-122.4101759
117617,DPW Maintained,Lophostemon confertus :: Brisbane Box,345 Stockton St,5.0,Sidewalk: Curb side : Cutout,Private,6/30/2016,3.0,5x5,37.78874531,-122.4069122
23838,DPW Maintained,Lophostemon confertus :: Brisbane Box,1355X Webster St,2.0,Sidewalk: Curb side : Cutout,DPW,1/11/2001,3.0,3X3,37.7830648,-122.4310709
61629,DPW Maintained,Lophostemon confertus :: Brisbane Box,343 Missouri St,1.0,Sidewalk: Curb side : Cutout,Private,10/15/1984,18.0,,37.76200347,-122.3963671
1222,DPW Maintained,Lophostemon confertus :: Brisbane Box,3600X Alemany Blvd,3.0,Sidewalk: Curb side : Cutout,DPW,6/11/1992,12.0,3X5,37.71175165,-122.4642176
22425,DPW Maintained,Lophostemon confertus :: Brisbane Box,5815 03rd St,1.0,Sidewalk: Curb side : Cutout,Private,1/18/2008,7.0,3x3,37.72505876,-122.3942868
117311,Permitted Site,Lophostemon confertus :: Brisbane Box,83-91 McAllister St,2.0,Sidewalk: Curb side : Cutout,Private,6/6/2016,3.0,,37.78079143,-122.413345
249556,Planning Code 138.1 required,Lophostemon confertus :: Brisbane Box,1450 Franklin St,2.0,:,Private,4/5/2017,3.0,Width 4ft,37.78800982,-122.4234529
29148,DPW Maintained,Lophostemon confertus :: Brisbane Box,335 Jones St,1.0,Sidewalk: Curb side : Cutout,DPW,11/19/2005,3.0,3x3,37.78442323,-122.4127747
29094,DPW Maintained,Lophostemon confertus :: Brisbane Box,530 Ellis St,1.0,Sidewalk: Curb side : Cutout,DPW,11/19/2005,3.0,3x3,37.78465383,-122.4149866
5986,Permitted Site,Lophostemon confertus :: Brisbane Box,1632 Eddy St,1.0,Sidewalk: Curb side : Cutout,Private,6/17/1997,12.0,4X4,37.78125768,-122.4345409
254697,Planning Code 138.1 required,Lophostemon confertus :: Brisbane Box,2051 03rd St,1.0,Sidewalk: Curb side : Cutout,Private,3/20/2018,3.0,,37.76367803,-122.3886619
41796,DPW Maintained,Lophostemon confertus :: Brisbane Box,101 Henry Adams St,7.0,Sidewalk: Curb side : Cutout,Private,6/20/2000,17.0,,37.76826199,-122.4037678
59080,DPW Maintained,Lophostemon confertus :: Brisbane Box,730 Cabrillo St,1.0,Sidewalk: Curb side : Cutout,Private,4/23/1980,17.0,,37.77532501,-122.4665569
10508,DPW Maintained,Lophostemon confertus :: Brisbane Box,1789 Haight St,1.0,Sidewalk: Curb side : Cutout,DPW,11/10/2011,3.0,,37.76918482,-122.4515407
83048,DPW Maintained,Lophostemon confertus :: Brisbane Box,100X Cargo Way,4.0,Sidewalk: Curb side : Cutout,Port,4/10/2017,3.0,,37.74064525,-122.377398
29519,DPW Maintained,Lophostemon confertus :: Brisbane Box,2000X Ingalls St,3.0,Sidewalk: Curb side : Cutout,DPW,2/28/2006,6.0,3x3,37.72662745,-122.386329
49666,DPW Maintained,Lophostemon confertus :: Brisbane Box,3630 Divisadero St,1.0,Sidewalk: Curb side : Cutout,DPW for City Agency,4/18/2011,6.0,,37.80295437,-122.4433619
9741,Permitted Site,Lophostemon confertus :: Brisbane Box,715 Gough St,1.0,Sidewalk: Curb side : Cutout,Private,3/5/1990,10.0,4x4,37.77991706,-122.4236656
76037,DPW Maintained,Lophostemon confertus :: Brisbane Box,2999X Polk St,7.0,Sidewalk: Curb side : Cutout,SFUSD,11/16/1996,6.0,4x6,37.8033776,-122.4241268
59990,DPW Maintained,Lophostemon confertus :: Brisbane Box,3701 Clay St,1.0,Sidewalk: Curb side : Cutout,Private,6/18/1993,1.0,,37.78811638,-122.4541426
9767,Permitted Site,Lophostemon confertus :: Brisbane Box,720 Gough St,5.0,Sidewalk: Curb side : Cutout,Private,3/7/1997,8.0,3x3,37.78001874,-122.4234522
29159,DPW Maintained,Lophostemon confertus :: Brisbane Box,532 Jones St,1.0,Sidewalk: Curb side : Cutout,DPW,11/19/2005,8.0,3x3,37.78611773,-122.412949
32570,Permitted Site,Lophostemon confertus :: Brisbane Box,3101 21st St,4.0,Sidewalk: Curb side : Cutout,Private,10/22/1996,8.0,3x3,37.75709346,-122.4167456
10560,DPW Maintained,Lophostemon confertus :: Brisbane Box,277 Harbor Rd,1.0,Sidewalk: Curb side : Cutout,DPW,8/11/1995,6.0,3X4,37.73324744,-122.3795806
99957,DPW Maintained,Lophostemon confertus :: Brisbane Box,308 Laurel St,1.0,Sidewalk: Curb side : Cutout,Private,6/20/2012,3.0,7x7,37.78832134,-122.4503399
24025,DPW Maintained,Lophostemon confertus :: Brisbane Box,27 Westbrook Ct,1.0,Sidewalk: Curb side : Cutout,DPW,3/11/2006,3.0,3X4,37.73489019,-122.3821235
23096,DPW Maintained,Lophostemon confertus :: Brisbane Box,1387 Valencia St,2.0,Sidewalk: Curb side : Cutout,DPW,12/29/1995,20.0,3X3,37.75074088,-122.4204782
75820,Undocumented,Lophostemon confertus :: Brisbane Box,598x Ellis St,2.0,Sidewalk: Curb side : Cutout,Private,5/29/1982,3.0,,37.78448799,-122.4159885
1327,DPW Maintained,Lophostemon confertus :: Brisbane Box,2001X Hyde St,2.0,Sidewalk: Curb side : Cutout,DPW,5/25/2012,3.0,3x3,37.80027541,-122.41935
22169,DPW Maintained,Lophostemon confertus :: Brisbane Box,3899X 03rd St,7.0,Sidewalk: Curb side : Cutout,DPW,10/28/2011,3.0,3x3,37.74185155,-122.3881208
6383,DPW Maintained,Lophostemon confertus :: Brisbane Box,335X Elm St,2.0,Sidewalk: Curb side : Cutout,DPW,2/19/1999,3.0,3x3,37.7811822,-122.4226853
16848,DPW Maintained,Lophostemon confertus :: Brisbane Box,150 Oak St,1.0,Sidewalk: Curb side : Cutout,DPW,2/14/2012,3.0,5x5,37.77538054,-122.4218322
28970,Permitted Site,Lophostemon confertus :: Brisbane Box,170 09th St,1.0,Sidewalk: Curb side : Cutout,Private,2/17/2006,6.0,3x3,37.77530157,-122.4136707
29490,DPW Maintained,Lophostemon confertus :: Brisbane Box,1628X Ingalls St,3.0,Sidewalk: Curb side : Cutout,DPW,2/28/2006,6.0,3x3,37.72875377,-122.3843971
43788,DPW Maintained,Magnolia grandiflora :: Southern Magnolia,117 22nd Ave,1.0,Sidewalk: Curb side : Cutout,Private,7/26/2000,6.0,,37.78554997,-122.4819947
42849,DPW Maintained,Magnolia grandiflora :: Southern Magnolia,1339 Vallejo St,1.0,Sidewalk: Curb side : Cutout,Private,5/18/2002,9.0,,37.79717685,-122.4194028
2388,DPW Maintained,Magnolia grandiflora :: Southern Magnolia,2640 Bryant St,1.0,Sidewalk: Curb side : Cutout,DPW,2/18/1999,6.0,3X3,37.75211615,-122.4091789
28888,DPW Maintained,Magnolia grandiflora :: Southern Magnolia,425 04th St,1.0,Sidewalk: Curb side : Cutout,DPW,2/11/2006,3.0,3x3,37.78086706,-122.3995889
47905,DPW Maintained,Magnolia grandiflora :: Southern Magnolia,1410 Hayes St,2.0,Sidewalk: Curb side : Cutout,Private,6/21/2002,1.0,,37.77479389,-122.439965
64454,DPW Maintained,Magnolia grandiflora :: Southern Magnolia,2661 Broadway,1.0,Sidewalk: Curb side : Cutout,Private,8/21/2008,4.0,3x3,37.79343886,-122.4408829
108299,DPW Maintained,Magnolia grandiflora :: Southern Magnolia,2898 Clay St,2.0,Sidewalk: Curb side : Cutout,Private,12/15/2014,3.0,,37.78997556,-122.4404651
33131,DPW Maintained,Magnolia grandiflora :: Southern Magnolia,2900 Pierce St,3.0,Sidewalk: Curb side : Cutout,Private,11/5/1996,8.0,,37.79692746,-122.4387522
63464,DPW Maintained,Magnolia grandiflora :: Southern Magnolia,1670 McAllister St,1.0,Sidewalk: Curb side : Cutout,Private,3/19/1987,11.0,,37.77771244,-122.4394917
81185,DPW Maintained,Magnolia grandiflora :: Southern Magnolia,2433 Lawton St,1.0,Sidewalk: Curb side : Cutout,Private,4/7/2008,2.0,3x3,37.75734568,-122.4891523
46873,DPW Maintained,Magnolia grandiflora :: Southern Magnolia,1356 Vallejo St,1.0,Sidewalk: Curb side : Cutout,Private,4/26/2002,12.0,,37.7972692,-122.4196837
13371,DPW Maintained,Magnolia grandiflora :: Southern Magnolia,910 Mansell St,1.0,Sidewalk: Curb side : Cutout,Private,3/29/2007,3.0,3X10,37.71927006,-122.4103955
103957,DPW Maintained,Magnolia grandiflora :: Southern Magnolia,2465 Washington St,1.0,Sidewalk: Curb side : Cutout,Private,8/1/2013,2.0,3x3,37.79158923,-122.4338658
102480,Section 143,Magnolia grandiflora :: Southern Magnolia,1456 Chestnut St,1.0,Sidewalk: Curb side : Cutout,Private,1/25/2013,3.0,3x3,37.80203069,-122.4273025
6823,Permitted Site,Magnolia grandiflora :: Southern Magnolia,1450X Fairfax Ave,5.0,Sidewalk: Curb side : Cutout,Fire Dept,3/30/2006,3.0,3X3,37.74083447,-122.3861797
85738,DPW Maintained,Magnolia grandiflora :: Southern Magnolia,843 Howard St,1.0,Sidewalk: Curb side : Cutout,DPW,4/30/2007,3.0,3x3,37.78236861,-122.4036709
30571,DPW Maintained,Magnolia grandiflora :: Southern Magnolia,175 Germania St,1.0,Sidewalk: Curb side : Cutout,Private,12/4/1996,7.0,,37.77053002,-122.4313678
18403,DPW Maintained,Magnolia grandiflora :: Southern Magnolia,1001X Potrero Ave,10.0,Sidewalk: Property side : Cutout,DPW,1/14/1991,10.0,3X3,37.75575065,-122.4064358
109141,DPW Maintained,Magnolia grandiflora :: Southern Magnolia,722 31st Ave,1.0,Sidewalk: Curb side : Cutout,Private,1/29/2015,3.0,3x3,37.77555587,-122.490776
41207,DPW Maintained,Magnolia grandiflora :: Southern Magnolia,79 Cervantes Blvd,1.0,Sidewalk: Curb side : Cutout,Private,11/29/1999,8.0,,37.80375371,-122.4387704
85582,DPW Maintained,Magnolia grandiflora :: Southern Magnolia,1486 Palou Ave,1.0,Sidewalk: Curb side : Cutout,DPW,3/21/2007,3.0,3x3,37.73283108,-122.3887046
12846,DPW Maintained,Magnolia grandiflora :: Southern Magnolia,2345 Lake St,1.0,Sidewalk: Curb side : Cutout,Private,5/2/2003,16.0,3X3,37.78567917,-122.4849065
107404,DPW Maintained,Magnolia grandiflora :: Southern Magnolia,1440 Clement St,1.0,Sidewalk: Curb side : Cutout,Private,9/8/2014,3.0,3x3,37.7825638,-122.4748233
82378,DPW Maintained,Magnolia grandiflora :: Southern Magnolia,223 Lisbon St,1.0,Sidewalk: Curb side : Cutout,Private,6/4/2008,6.0,3x3,37.72467069,-122.4314982
72384,DPW Maintained,Magnolia grandiflora :: Southern Magnolia,592 Vallejo St,2.0,Sidewalk: Curb side : Cutout,Private,3/2/1996,7.0,,37.79885399,-122.4070716
85722,DPW Maintained,Magnolia grandiflora :: Southern Magnolia,1049 Howard St,2.0,Sidewalk: Curb side : Cutout,DPW,4/30/2007,3.0,3x3,37.77867528,-122.4083385
72459,DPW Maintained,Magnolia grandiflora :: Southern Magnolia,414 Spruce St,1.0,Sidewalk: Curb side : Cutout,Private,4/13/1996,7.0,,37.78705008,-122.4534505
51962,DPW Maintained,Magnolia grandiflora :: Southern Magnolia,2115 Broderick St,1.0,Sidewalk: Curb side : Cutout,Private,8/10/2005,5.0,,37.79020828,-122.44266
42605,DPW Maintained,Magnolia grandiflora :: Southern Magnolia,2531 Gough St,1.0,Sidewalk: Curb side : Cutout,Private,6/26/2000,6.0,,37.79701341,-122.4271322
66780,DPW Maintained,Magnolia grandiflora :: Southern Magnolia,1341 Union St,1.0,Sidewalk: Curb side : Cutout,Private,3/4/1995,10.0,,37.79879236,-122.421539
68191,DPW Maintained,Magnolia grandiflora :: Southern Magnolia,2720 Vallejo St,1.0,Sidewalk: Curb side : Cutout,Private,6/29/1993,13.0,,37.79440028,-122.4421137
74104,DPW Maintained,Magnolia grandiflora :: Southern Magnolia,189 Oxford St,1.0,Sidewalk: Curb side : Cutout,Private,5/21/1994,11.0,,37.72749461,-122.4198566
1253,DPW Maintained,Metrosideros excelsa :: New Zealand Xmas Tree,3802X Alemany Blvd,4.0,Sidewalk: Curb side : Cutout,DPW,3/6/2006,3.0,3X5,37.71171985,-122.4666751
65864,DPW Maintained,Metrosideros excelsa :: New Zealand Xmas Tree,33 Toledo Way,1.0,Sidewalk: Curb side : Cutout,Private,5/9/1990,7.0,,37.80142545,-122.4380926
37121,DPW Maintained,Metrosideros excelsa :: New Zealand Xmas Tree,3645 Judah St,2.0,Sidewalk: Curb side : Cutout,Private,6/1/1998,8.0,,37.76054171,-122.5013083
64866,DPW Maintained,Metrosideros excelsa :: New Zealand Xmas Tree,2185 Hayes St,1.0,Sidewalk: Curb side : Cutout,Private,2/2/1989,13.0,,37.77307099,-122.4524194
90256,DPW Maintained,Metrosideros excelsa :: New Zealand Xmas Tree,3230 Balboa St,1.0,Sidewalk: Curb side : Cutout,DPW,4/22/2008,3.0,3x3,37.77594998,-122.4933849
253973,Significant Tree,Metrosideros excelsa :: New Zealand Xmas Tree,2200 Ofarrell St,2.0,Front Yard : Yard,Private,1/5/2018,3.0,3x3,37.78227863,-122.4409871
69015,DPW Maintained,Metrosideros excelsa :: New Zealand Xmas Tree,2106 46th Ave,1.0,Sidewalk: Curb side : Cutout,Private,1/5/1994,10.0,,37.74713647,-122.5049218
76372,DPW Maintained,Metrosideros excelsa :: New Zealand Xmas Tree,299X Cambridge St,4.0,Sidewalk: Curb side : Cutout,SFUSD,10/26/1984,6.0,3x3,37.72793785,-122.4189511
62966,DPW Maintained,Metrosideros excelsa :: New Zealand Xmas Tree,1045 Green St,1.0,Sidewalk: Curb side : Cutout,Private,8/21/1986,15.0,,37.79852198,-122.4163318
162,DPW Maintained,Metrosideros excelsa :: New Zealand Xmas Tree,5119X Geary Blvd,1.0,Sidewalk: Curb side : Cutout,DPW,11/16/1994,3.0,3X3,37.78043768,-122.4741845
42159,DPW Maintained,Metrosideros excelsa :: New Zealand Xmas Tree,683 21st Ave,2.0,Sidewalk: Curb side : Cutout,Private,6/21/2000,7.0,,37.77490888,-122.4801444
9195,Permitted Site,Metrosideros excelsa :: New Zealand Xmas Tree,6149 Geary Blvd,1.0,Sidewalk: Curb side : Cutout,Private,12/20/1994,3.0,3X3,37.77974646,-122.4855506
90265,DPW Maintained,Metrosideros excelsa :: New Zealand Xmas Tree,3850X Balboa St,3.0,Sidewalk: Curb side : Cutout,DPW,4/22/2008,3.0,3x3,37.77564785,-122.4999992
67392,Permitted Site,Metrosideros excelsa :: New Zealand Xmas Tree,730 Church St,1.0,Sidewalk: Curb side : Cutout,Private,8/14/1992,12.0,,37.75912431,-122.4282387
46951,DPW Maintained,Metrosideros excelsa :: New Zealand Xmas Tree,1530 43rd Ave,4.0,Sidewalk: Curb side : Cutout,SFUSD,5/1/2002,8.0,3x25,37.75811133,-122.5024502
52941,DPW Maintained,Metrosideros excelsa :: New Zealand Xmas Tree,156 Onondaga Ave,1.0,Sidewalk: Curb side : Cutout,Private,8/3/2006,7.0,,37.72251503,-122.4407366
90231,DPW Maintained,Metrosideros excelsa :: New Zealand Xmas Tree,2738 Balboa St,1.0,Sidewalk: Curb side : Cutout,DPW,4/21/2008,3.0,3x3,37.77620118,-122.4884542
9263,DPW Maintained,Metrosideros excelsa :: New Zealand Xmas Tree,6620 Geary Blvd,3.0,Sidewalk: Curb side : Cutout,Private,10/1/1993,8.0,6x4,37.77996658,-122.4906179
90282,DPW Maintained,Metrosideros excelsa :: New Zealand Xmas Tree,4424 Balboa St,1.0,Sidewalk: Curb side : Cutout,DPW,4/24/2008,3.0,3x3,37.77538664,-122.5063601
70364,DPW Maintained,Metrosideros excelsa :: New Zealand Xmas Tree,4039 Kirkham St,1.0,Sidewalk: Curb side : Cutout,Private,5/14/1994,9.0,,37.75854929,-122.5043325
9261,DPW Maintained,Metrosideros excelsa :: New Zealand Xmas Tree,6620 Geary Blvd,1.0,Sidewalk: Curb side : Cutout,Private,10/1/1993,10.0,6x4,37.77996808,-122.4905336
66334,DPW Maintained,Metrosideros excelsa :: New Zealand Xmas Tree,1339 31st Ave,1.0,Sidewalk: Curb side : Cutout,Private,12/5/1990,10.0,,37.76225864,-122.4900046
40138,DPW Maintained,Metrosideros excelsa :: New Zealand Xmas Tree,1501 43rd Ave,1.0,Sidewalk: Curb side : Cutout,Private,1/24/1987,12.0,,37.75855745,-122.5026428
56005,DPW Maintained,Metrosideros excelsa :: New Zealand Xmas Tree,2300 Broderick St,1.0,Sidewalk: Curb side : Cutout,Private,6/12/1973,15.0,,37.79154274,-122.4427667
9241,DPW Maintained,Metrosideros excelsa :: New Zealand Xmas Tree,6442 Geary Blvd,1.0,Sidewalk: Curb side : Cutout,Private,10/1/1993,6.0,3x3,37.78005791,-122.488646
90266,DPW Maintained,Metrosideros excelsa :: New Zealand Xmas Tree,4000 Balboa St,1.0,Sidewalk: Curb side : Cutout,DPW,4/22/2008,3.0,3x3,37.77558665,-122.5017899
58955,DPW Maintained,Metrosideros excelsa :: New Zealand Xmas Tree,523 04th Ave,1.0,Sidewalk: Curb side : Cutout,Private,3/31/1980,13.0,,37.77872313,-122.4620528
55607,DPW Maintained,Metrosideros excelsa :: New Zealand Xmas Tree,670 43rd Ave,1.0,Sidewalk: Curb side : Cutout,Private,1/8/1973,18.0,,37.77599924,-122.5037088
51027,DPW Maintained,Metrosideros excelsa :: New Zealand Xmas Tree,1830 Clay St,1.0,Sidewalk: Curb side : Cutout,Private,7/8/2004,5.0,,37.79215469,-122.423413
61296,DPW Maintained,Metrosideros excelsa :: New Zealand Xmas Tree,2360 Larkin St,1.0,Sidewalk: Curb side : Cutout,Private,2/3/1996,9.0,,37.79973134,-122.4207658
87869,DPW Maintained,Pittosporum undulatum :: Victorian Box,3212 Broderick St,2.0,Sidewalk: Curb side : Cutout,Private,6/13/2008,6.0,3x3,37.80005821,-122.4445023
91009,Permitted Site,Pittosporum undulatum :: Victorian Box,251 Balboa St,3.0,Sidewalk: Curb side : Cutout,Private,7/10/2013,3.0,3x3,37.77730075,-122.4613386
142544,DPW Maintained,Pittosporum undulatum :: Victorian Box,301 FRANCISCO ST,6.0,Sidewalk: Curb side : Cutout,SFUSD,3/23/2016,26.0,Width 0ft,37.8049064,-122.4112513
73890,DPW Maintained,Pittosporum undulatum :: Victorian Box,1810 Clement St,2.0,Sidewalk: Curb side : Cutout,Private,7/30/1994,7.0,,37.78238047,-122.4788049
31668,DPW Maintained,Pittosporum undulatum :: Victorian Box,215#3 Francisco St,1.0,Sidewalk: Curb side : Cutout,Private,8/26/1995,11.0,,37.80521939,-122.4087803
91857,DPW Maintained,Pittosporum undulatum :: Victorian Box,146 Irving St,1.0,Sidewalk: Curb side : Cutout,DPW,12/10/2008,3.0,3x3,37.76439853,-122.4593243
113259,DPW Maintained,Pittosporum undulatum :: Victorian Box,3355 Octavia St,1.0,Sidewalk: Curb side : Cutout,Private,9/16/2015,1.0,,37.80332403,-122.430093
66054,DPW Maintained,Pittosporum undulatum :: Victorian Box,25 Rico Way,1.0,Sidewalk: Curb side : Cutout,Private,8/17/1990,11.0,,37.80481393,-122.4387625
60600,DPW Maintained,Pittosporum undulatum :: Victorian Box,28 05th Ave,1.0,Sidewalk: Curb side : Cutout,Private,1/10/1983,9.0,,37.78808724,-122.4636396
81782,DPW Maintained,Pittosporum undulatum :: Victorian Box,3031 Gough St,2.0,Sidewalk: Curb side : Cutout,Private,12/21/2007,7.0,3x3,37.80129135,-122.4279965
35251,DPW Maintained,Pittosporum undulatum :: Victorian Box,1385 Greenwich St,4.0,Sidewalk: Curb side : Cutout,Private,5/25/2011,2.0,,37.80060714,-122.4223249
52868,DPW Maintained,Pittosporum undulatum :: Victorian Box,3295 Clay St,1.0,Sidewalk: Curb side : Cutout,Private,7/13/2006,5.0,3x3,37.78902818,-122.4469547
33119,DPW Maintained,Pittosporum undulatum :: Victorian Box,2699 Filbert St,4.0,Sidewalk: Curb side : Cutout,Private,11/5/1996,5.0,,37.79692315,-122.4436317
52787,DPW Maintained,Pittosporum undulatum :: Victorian Box,1990 Green St,3.0,Sidewalk: Curb side : Cutout,Private,5/25/2006,12.0,,37.79665494,-122.4318911
75364,DPW Maintained,Pittosporum undulatum :: Victorian Box,1335 Griffith St,2.0,Sidewalk: Curb side : Cutout,Private,6/13/1998,4.0,,37.72651613,-122.3805709
51930,DPW Maintained,Pittosporum undulatum :: Victorian Box,2641 25th St,1.0,Sidewalk: Curb side : Cutout,SFUSD,7/21/2005,10.0,3x3,37.75174973,-122.4046346
66141,DPW Maintained,Pittosporum undulatum :: Victorian Box,1873 Jefferson St,1.0,Sidewalk: Curb side : Cutout,Private,8/18/1990,8.0,,37.80464879,-122.4432512
62298,DPW Maintained,Pittosporum undulatum :: Victorian Box,123 Beaumont Ave,1.0,Sidewalk: Curb side : Cutout,Private,10/10/1985,5.0,,37.77954357,-122.4547697
61433,DPW Maintained,Pittosporum undulatum :: Victorian Box,425 Hayes St,1.0,Sidewalk: Curb side : Cutout,Private,1/31/1994,8.0,,37.77677115,-122.4234451
79736,DPW Maintained,Pittosporum undulatum :: Victorian Box,705 Natoma St,1.0,Sidewalk: Curb side : Cutout,Private,2/9/2002,7.0,,37.77629532,-122.4125553
50689,DPW Maintained,Pittosporum undulatum :: Victorian Box,1 Harrison St,4.0,Sidewalk: Curb side : Cutout,Private,6/12/2004,6.0,,37.78896499,-122.3890973
49358,DPW Maintained,Pittosporum undulatum :: Victorian Box,1875@ EVANS Marin St,5.0,Sidewalk: Curb side : Cutout,Private,3/7/2003,6.0,,37.74842674,-122.3941668
19154,Section 143,Pittosporum undulatum :: Victorian Box,64 Sanchez St,1.0,Sidewalk: Curb side : Cutout,Private,12/30/2014,3.0,3x3,37.76823395,-122.4313627
73549,DPW Maintained,Pittosporum undulatum :: Victorian Box,2174 Sutter St,1.0,Sidewalk: Curb side : Cutout,Private,8/20/2013,9.0,5x9,37.78580186,-122.4361106
10164,DPW Maintained,Pittosporum undulatum :: Victorian Box,1015 Guerrero St,1.0,Sidewalk: Curb side : Cutout,Private,6/13/1990,12.0,2x2,37.75459297,-122.4230108
92967,DPW Maintained,Pittosporum undulatum :: Victorian Box,3022 Clay St,1.0,Sidewalk: Curb side : Cutout,Private,11/23/2016,3.0,4x4,37.78959205,-122.4435442
65962,DPW Maintained,Pittosporum undulatum :: Victorian Box,2607 24th Ave,1.0,Sidewalk: Curb side : Cutout,Private,6/21/1990,12.0,,37.73889094,-122.4808555
75439,DPW Maintained,Pittosporum undulatum :: Victorian Box,1335 Griffith St,1.0,Sidewalk: Curb side : Cutout,Private,6/13/1998,8.0,,37.72646655,-122.3806092
30818,DPW Maintained,Pittosporum undulatum :: Victorian Box,151 Lippard Ave,10.0,Sidewalk: Curb side : Cutout,DPW,2/6/1995,9.0,,37.73326878,-122.4359823
9588,DPW Maintained,Pittosporum undulatum :: Victorian Box,1311 Golden Gate Ave,2.0,Sidewalk: Curb side : Cutout,DPW,4/6/1990,10.0,3X3,37.77945932,-122.4321303
63470,DPW Maintained,Pittosporum undulatum :: Victorian Box,2247 Turk Blvd,1.0,Sidewalk: Curb side : Cutout,Private,3/19/1987,7.0,,37.77861661,-122.4462231
8002,DPW Maintained,Pittosporum undulatum :: Victorian Box,390X Fulton St,2.0,Sidewalk: Curb side : Cutout,DPW,11/15/1989,9.0,3X3,37.77883758,-122.4231916
70116,DPW Maintained,Platanus x hispanica :: Sycamore: London Plane,1659 Jackson St,1.0,Sidewalk: Curb side : Cutout,Private,5/7/1994,14.0,,37.79396065,-122.4223178
25883,Permitted Site,Platanus x hispanica :: Sycamore: London Plane,800X The Embarcadero,47.0,Sidewalk: Curb side : Cutout,Port,10/30/1995,6.0,4X4,37.80135886,-122.3997752
107453,Permitted Site,Platanus x hispanica :: Sycamore: London Plane,1817 JACKSON ST,,Sidewalk: Curb side : Cutout,Private,11/12/2014,3.0,,37.79351603,-122.4253369
27880,Permitted Site,Platanus x hispanica :: Sycamore: London Plane,280 The Embarcadero,10.0,Sidewalk: Curb side : Cutout,Port,1/31/2001,12.0,,37.78393821,-122.3883582
25619,Permitted Site,Platanus x hispanica :: Sycamore: London Plane,800 The Embarcadero,5.0,Sidewalk: Curb side : Cutout,Port,12/18/2000,12.0,4X4,37.79326526,-122.3921854
27309,DPW Maintained,Platanus x hispanica :: Sycamore: London Plane,781 Dolores St,1.0,Sidewalk: Curb side : Cutout,DPW,11/9/1999,12.0,3X3,37.75697462,-122.4255016
30167,DPW Maintained,Platanus x hispanica :: Sycamore: London Plane,3110 California St,1.0,Sidewalk: Curb side : Cutout,Private,4/4/2007,3.0,3X3,37.78748002,-122.4457899
23962,DPW Maintained,Platanus x hispanica :: Sycamore: London Plane,15 West Portal Ave,1.0,Sidewalk: Curb side : Cutout,Private,11/13/2012,2.0,3X3,37.74061013,-122.4658771
3216,DPW Maintained,Platanus x hispanica :: Sycamore: London Plane,3838 California St,2.0,Sidewalk: Curb side : Cutout,Private,3/17/1994,8.0,3X3,37.78599881,-122.4574044
49241,DPW Maintained,Platanus x hispanica :: Sycamore: London Plane,500 Howard St,1.0,Sidewalk: Curb side : Cutout,Private,2/5/2003,9.0,,37.78825031,-122.3965402
25855,Permitted Site,Platanus x hispanica :: Sycamore: London Plane,800X The Embarcadero,19.0,Sidewalk: Curb side : Cutout,Port,10/30/1995,6.0,4X4,37.80227853,-122.4001002
58770,DPW Maintained,Platanus x hispanica :: Sycamore: London Plane,1161 Rhode Island St,1.0,Sidewalk: Curb side : Cutout,Private,4/2/1980,15.0,,37.7551308,-122.4015518
5860,DPW Maintained,Platanus x hispanica :: Sycamore: London Plane,951 Eddy St,1.0,Sidewalk: Curb side : Cutout,DPW,9/16/1993,12.0,4X4,37.78247732,-122.4235013
5250,DPW Maintained,Platanus x hispanica :: Sycamore: London Plane,1139 Divisadero St,1.0,Sidewalk: Curb side : Cutout,Private,11/5/2008,3.0,3X3,37.78005885,-122.438935
30329,DPW Maintained,Platanus x hispanica :: Sycamore: London Plane,1998 Pacific Ave,1.0,Sidewalk: Curb side : Cutout,Private,7/30/2007,15.0,,37.79428965,-122.4279083
25819,Permitted Site,Platanus x hispanica :: Sycamore: London Plane,1300X The Embarcadero,15.0,Sidewalk: Curb side : Cutout,Port,10/15/1995,6.0,4X4,37.80608845,-122.4043754
22946,DPW Maintained,Platanus x hispanica :: Sycamore: London Plane,455 Valencia St,1.0,Sidewalk: Curb side : Cutout,Private,1/1/2011,6.0,3x6,37.76560605,-122.4218514
44018,DPW Maintained,Platanus x hispanica :: Sycamore: London Plane,350 Golden Gate Ave,5.0,Sidewalk: Curb side : Cutout,Private,9/18/2000,5.0,,37.7816089,-122.4164066
5248,DPW Maintained,Platanus x hispanica :: Sycamore: London Plane,1135 Divisadero St,1.0,Sidewalk: Curb side : Cutout,Private,3/16/2001,6.0,3X3,37.78000977,-122.4389232
23470,DPW Maintained,Platanus x hispanica :: Sycamore: London Plane,2340 Van Ness Ave,1.0,Sidewalk: Curb side : Cutout,Private,4/18/2008,5.0,3x3,37.79715848,-122.4235172
39290,Permitted Site,Platanus x hispanica :: Sycamore: London Plane,2030 Harrison St,11.0,Sidewalk: Curb side : Cutout,Private,12/21/1998,10.0,3x3,37.76460553,-122.4131317
106423,DPW Maintained,Platanus x hispanica :: Sycamore: London Plane,900 North Point St,23.0,Sidewalk: Curb side : Cutout,Private,4/28/2014,2.0,,37.80540637,-122.4233615
39530,DPW Maintained,Platanus x hispanica :: Sycamore: London Plane,88x Arkansas St,4.0,Sidewalk: Curb side : Cutout,Private,12/28/1998,11.0,,37.7653441,-122.3988425
28565,DPW Maintained,Platanus x hispanica :: Sycamore: London Plane,3294X Mission St,1.0,Sidewalk: Curb side : Cutout,DPW,3/29/2004,6.0,3X3,37.74423498,-122.4209801
25892,Permitted Site,Platanus x hispanica :: Sycamore: London Plane,500X The Embarcadero,9.0,Sidewalk: Curb side : Cutout,Port,10/30/1995,6.0,4X4,37.79928175,-122.3975678
25843,DPW Maintained,Platanus x hispanica :: Sycamore: London Plane,800X The Embarcadero,7.0,Sidewalk: Curb side : Cutout,Port,10/30/1995,6.0,4X4,37.79945481,-122.3981055
99186,DPW Maintained,Platanus x hispanica :: Sycamore: London Plane,1961 California St,1.0,Sidewalk: Curb side : Cutout,DPW,10/24/2015,3.0,3x3,37.78965425,-122.4265462
238675,DPW Maintained,Platanus x hispanica :: Sycamore: London Plane,1293 Stanyan St,2.0,Sidewalk: Curb side : Cutout,Private,2/19/2014,2.0,Width 4ft,37.75964458,-122.4516801
45504,DPW Maintained,Prunus cerasifera :: Cherry Plum,3071 23rd Ave,2.0,Sidewalk: Curb side : Cutout,Private,7/20/2001,3.0,,37.73160757,-122.4792328
78416,DPW Maintained,Prunus cerasifera :: Cherry Plum,2959 20th Ave,2.0,Sidewalk: Curb side : Cutout,Private,8/26/2000,5.0,,37.73343075,-122.4761795
121400,Undocumented,Prunus cerasifera :: Cherry Plum,3998X 25th St,1.0,Sidewalk: Curb side : Cutout,Private,11/28/2016,3.0,3x3,37.75009255,-122.4292937
79912,DPW Maintained,Prunus cerasifera :: Cherry Plum,888 Tennessee St,8.0,Sidewalk: Curb side : Cutout,Private,10/5/2002,3.0,,37.76071077,-122.3896272
37858,DPW Maintained,Prunus cerasifera :: Cherry Plum,566St. Lisbon St,1.0,Sidewalk: Curb side : Cutout,Private,5/31/2003,7.0,,37.71941063,-122.4356536
65773,DPW Maintained,Prunus cerasifera :: Cherry Plum,3000 Laguna St,1.0,Sidewalk: Curb side : Cutout,Private,4/23/1990,10.0,,37.79880508,-122.4306995
46265,DPW Maintained,Prunus cerasifera :: Cherry Plum,318 05th Ave,1.0,Sidewalk: Curb side : Cutout,Private,6/18/2008,1.0,3x3,37.78256122,-122.4632407
119257,Planning Code 138.1 required,Prunus cerasifera :: Cherry Plum,191 Brewster St,1.0,Sidewalk: Curb side : Cutout,Private,7/19/2016,3.0,3x3,37.7435118,-122.4073021
31225,DPW Maintained,Prunus cerasifera :: Cherry Plum,2491 29th Ave,1.0,Sidewalk: Curb side : Cutout,Private,4/4/1995,7.0,,37.74096681,-122.4863755
41919,DPW Maintained,Prunus cerasifera :: Cherry Plum,551 02nd Ave,1.0,Sidewalk: Curb side : Cutout,Private,6/20/2000,4.0,,37.77835007,-122.4598775
48430,DPW Maintained,Prunus cerasifera :: Cherry Plum,2460 Union St,2.0,Sidewalk: Curb side : Cutout,Private,7/25/2002,6.0,,37.79660783,-122.4398125
81929,DPW Maintained,Prunus cerasifera :: Cherry Plum,118 Jones St,1.0,Sidewalk: Curb side : Cutout,Private,12/20/2007,6.0,3x3,37.78237014,-122.4121905
28386,DPW Maintained,Prunus cerasifera :: Cherry Plum,2749 Bryant St,1.0,Sidewalk: Curb side : Cutout,Private,3/1/2016,9.0,3X3,37.75037266,-122.4087836
42974,DPW Maintained,Prunus cerasifera :: Cherry Plum,568 Cambridge St,1.0,Sidewalk: Curb side : Cutout,Private,7/5/2000,6.0,,37.7243962,-122.4176495
46775,DPW Maintained,Prunus cerasifera :: Cherry Plum,35 San Juan Ave,3.0,Sidewalk: Curb side : Cutout,Private,4/25/2002,7.0,,37.72433502,-122.4360951
49545,DPW Maintained,Prunus cerasifera :: Cherry Plum,333 11th St,2.0,Sidewalk: Curb side : Cutout,Private,4/23/2003,1.0,,37.77136656,-122.4132521
79941,DPW Maintained,Prunus cerasifera :: Cherry Plum,230 11th Ave,1.0,Sidewalk: Curb side : Cutout,Private,6/3/2008,3.0,3x3,37.78389825,-122.4697749
68656,DPW Maintained,Prunus cerasifera :: Cherry Plum,230 07th Ave,1.0,Sidewalk: Curb side : Cutout,Private,11/2/1993,6.0,,37.78415517,-122.4655012
98664,DPW Maintained,Prunus cerasifera :: Cherry Plum,388 Townsend St,3.0,Sidewalk: Curb side : Cutout,Private,6/21/2012,2.0,3x3,37.77573191,-122.3968811
41915,DPW Maintained,Prunus cerasifera :: Cherry Plum,778 12th Ave,2.0,Sidewalk: Curb side : Cutout,Private,6/20/2000,4.0,,37.77364753,-122.4701121
66162,DPW Maintained,Prunus cerasifera :: Cherry Plum,198x Venus St,1.0,Sidewalk: Curb side : Cutout,Private,10/24/2012,1.0,2x2,37.7304346,-122.3980655
31107,DPW Maintained,Prunus cerasifera :: Cherry Plum,237 Edna St,1.0,Sidewalk: Curb side : Cutout,Private,3/21/1995,12.0,2x9,37.72881994,-122.4466252
32266,DPW Maintained,Prunus cerasifera :: Cherry Plum,2710 Filbert St,1.0,Sidewalk: Curb side : Cutout,Private,8/15/1996,5.0,,37.796992,-122.4442567
67660,DPW Maintained,Prunus cerasifera :: Cherry Plum,37 Lucy St,1.0,Sidewalk: Curb side : Cutout,Private,11/5/1992,6.0,,37.73022206,-122.3933086
30881,DPW Maintained,Prunus serrulata 'Kwanzan' :: Kwanzan Flowering Cherry,59 Germania St,1.0,Sidewalk: Curb side : Cutout,Private,3/8/1995,1.0,,37.77076894,-122.4294785
42715,DPW Maintained,Prunus serrulata 'Kwanzan' :: Kwanzan Flowering Cherry,43 Pomona St,1.0,Sidewalk: Curb side : Cutout,Private,6/26/2000,10.0,,37.73178212,-122.3933784
94744,DPW Maintained,Prunus serrulata 'Kwanzan' :: Kwanzan Flowering Cherry,1801 Green St,1.0,Sidewalk: Curb side : Cutout,Private,11/3/2010,4.0,3x3,37.79685023,-122.429235
178972,DPW Maintained,Prunus serrulata 'Kwanzan' :: Kwanzan Flowering Cherry,856 Sunnydale Ave,1.0,Sidewalk: Curb side : Cutout,Private,2/23/2018,3.0,Width 3ft,37.71034624,-122.4102376
91971,DPW Maintained,Prunus serrulata 'Kwanzan' :: Kwanzan Flowering Cherry,1342 09th Ave,1.0,Sidewalk: Curb side : Cutout,DPW,2/20/2009,3.0,3x3,37.76323406,-122.4661852
62704,DPW Maintained,Prunus serrulata 'Kwanzan' :: Kwanzan Flowering Cherry,251 Onondaga Ave,1.0,Sidewalk: Curb side : Cutout,Private,5/19/1986,8.0,3x3,37.72298245,-122.442256
32078,DPW Maintained,Prunus serrulata 'Kwanzan' :: Kwanzan Flowering Cherry,3847 17th St,1.0,Sidewalk: Curb side : Cutout,Private,8/9/1995,6.0,,37.76261974,-122.4317949
90579,DPW Maintained,Prunus serrulata 'Kwanzan' :: Kwanzan Flowering Cherry,2050X Cabrillo St,3.0,Sidewalk: Curb side : Cutout,DPW,2/15/2008,3.0,3x3,37.77467733,-122.4808752
68549,DPW Maintained,Prunus serrulata 'Kwanzan' :: Kwanzan Flowering Cherry,543 44th Ave,1.0,Sidewalk: Curb side : Cutout,Private,10/18/1993,3.0,,37.77826885,-122.5051068
28301,DPW Maintained,Prunus serrulata 'Kwanzan' :: Kwanzan Flowering Cherry,3336 San Bruno Ave,1.0,Sidewalk: Curb side : Cutout,Private,3/20/2003,8.0,3X3,37.71954337,-122.4006213
71253,DPW Maintained,Prunus serrulata 'Kwanzan' :: Kwanzan Flowering Cherry,1436 Jackson St,1.0,Sidewalk: Curb side : Cutout,Private,8/19/1995,10.0,3x3,37.79452076,-122.4188235
21662,DPW Maintained,Prunus serrulata 'Kwanzan' :: Kwanzan Flowering Cherry,1750 Sutter St,4.0,Sidewalk: Curb side : Cutout,Private,3/26/2015,3.0,4X4,37.78666766,-122.4291781
4122,DPW Maintained,Prunus serrulata 'Kwanzan' :: Kwanzan Flowering Cherry,3435 Cesar Chavez St,5.0,Sidewalk: Curb side : Cutout,DPW,4/1/1995,6.0,3X3,37.74760915,-122.4193765
27724,DPW Maintained,Prunus serrulata 'Kwanzan' :: Kwanzan Flowering Cherry,1200 Cesar Chavez St,1.0,Sidewalk: Curb side : Cutout,DPW,3/23/2006,3.0,3X3,37.75025263,-122.3897171
108692,Permitted Site,Prunus serrulata 'Kwanzan' :: Kwanzan Flowering Cherry,1950X Beach St,1.0,Sidewalk: Curb side : Cutout,Private,1/2/2015,3.0,3x3,37.80391014,-122.4406133
86370,DPW Maintained,Prunus serrulata 'Kwanzan' :: Kwanzan Flowering Cherry,1299X 26th Ave,1.0,Sidewalk: Curb side : Cutout,DPW,12/20/2006,3.0,3x3,37.76328485,-122.4846997
30576,DPW Maintained,Prunus serrulata 'Kwanzan' :: Kwanzan Flowering Cherry,268 Hermann St,1.0,Sidewalk: Curb side : Cutout,Private,7/15/2009,5.0,3x3,37.77037882,-122.4295561
70504,DPW Maintained,Prunus serrulata 'Kwanzan' :: Kwanzan Flowering Cherry,437 Peru Ave,1.0,Sidewalk: Curb side : Cutout,Private,6/25/1994,18.0,,37.72683746,-122.425869
43317,DPW Maintained,Prunus serrulata 'Kwanzan' :: Kwanzan Flowering Cherry,263 Athens St,2.0,Sidewalk: Property side : Cutout,Private,7/10/2008,3.0,3x3,37.72375775,-122.4267485
213464,DPW Maintained,Prunus serrulata 'Kwanzan' :: Kwanzan Flowering Cherry,300 Dorantes Ave,3.0,Sidewalk: Curb side : Yard,Private,10/24/2005,2.0,Width 3ft,37.74498298,-122.4665274
32321,DPW Maintained,Prunus serrulata 'Kwanzan' :: Kwanzan Flowering Cherry,550 Liberty St,1.0,Sidewalk: Curb side : Cutout,Private,9/24/1996,11.0,,37.75701096,-122.4335371
76361,Permitted Site,Tree(s) ::,2111X HARRISON ST,2.0,Sidewalk: Curb side : Cutout,Private,8/29/2014,12.0,3x3,37.76277508,-122.4125087
256764,Undocumented,Tree(s) ::,25 Serrano Dr,1.0,Sidewalk: Property side : Cutout,Private,9/25/2019,3.0,6x6,37.71982937,-122.4765244
24034,Permitted Site,Tree(s) ::,57 Westbrook Ct,1.0,Sidewalk: Curb side : Cutout,Private,3/9/2006,3.0,3X3,37.73492318,-122.3825367
203826,DPW Maintained,Tree(s) ::,1477 Portola Dr,1.0,Sidewalk: Curb side : Yard,Private,6/8/2018,3.0,Width 4ft,37.73775109,-122.467663
103470,Undocumented,Tree(s) ::,1190X Vermont St,1.0,Front Yard : Yard,Private,5/3/2013,24.0,,37.75458646,-122.403605
37682,Permitted Site,Tree(s) ::,190 Capp St,1.0,Sidewalk: Curb side : Cutout,Private,4/1/2016,3.0,3x3,37.7636489,-122.4186488
74970,Permitted Site,Tree(s) ::,3180 23rd St,1.0,Sidewalk: Curb side : Cutout,Private,11/7/2016,3.0,3x3,37.75402118,-122.4163284
125405,DPW Maintained,Tree(s) ::,2500X Pierce St,3.0,Sidewalk: Curb side : Cutout,Private,5/11/2017,3.0,Width 4ft,37.79329443,-122.4380155
71808,DPW Maintained,Tree(s) ::,2487 21st Ave,1.0,Sidewalk: Property side : Yard,Private,11/25/2019,3.0,4x6,37.74126823,-122.4777971
53192,Permitted Site,Tree(s) ::,1207 Sanchez St,1.0,Sidewalk: Curb side : Cutout,Private,11/28/2006,3.0,4x4,37.74985093,-122.429399
92090,Permitted Site,Tree(s) ::,1209 Capitol Ave,1.0,Sidewalk: Curb side : Cutout,Private,9/2/2015,3.0,3x3,37.72382715,-122.4593508
99684,DPW Maintained,Tree(s) ::,165 Grattan St,6.0,Sidewalk: Curb side : Cutout,SFUSD,10/4/2013,8.0,3x3,37.76386736,-122.4505205
27443,DPW Maintained,Tree(s) ::,1690X Indiana St,8.0,Sidewalk: Curb side : Cutout,DPW,5/13/2000,3.0,4X4,37.74892233,-122.3903969
60727,Permitted Site,Tree(s) ::,12 LEXINGTON ST,1.0,Sidewalk: Curb side : Cutout,Private,8/2/2016,3.0,3x3,37.76245445,-122.4210095
137731,DPW Maintained,Tree(s) ::,610 Lyon St,3.0,Sidewalk: Curb side : Cutout,Private,7/17/2017,3.0,3x3,37.77647112,-122.4430191
254109,Significant Tree,Tree(s) ::,38X Starview Way,1.0,Sidewalk: Property side : Yard,Private,2/6/2018,3.0,6x6,37.7502968,-122.4515889
212498,DPW Maintained,Tree(s) ::,51 Sotelo Ave,8.0,Sidewalk: Curb side : Yard,Private,10/9/2019,3.0,Width 4ft,37.74929429,-122.4639822
27581,DPW Maintained,Tree(s) ::,1299X Illinois St,32.0,Sidewalk: Curb side : Cutout,DPW,1/5/2001,3.0,3X3,37.7554914,-122.3869835
65964,DPW Maintained,Tree(s) ::,2655 23rd Ave,1.0,Sidewalk: Curb side : Cutout,Private,4/12/2017,3.0,3x3,37.7381077,-122.4797442
258701,Significant Tree,Tree(s) ::,206 Edgewood Ave,1.0,Front Yard : Yard,Private,11/25/2019,3.0,3x3,37.76214027,-122.4548203
97479,Permitted Site,Tree(s) ::,3013 20th St,1.0,Sidewalk: Curb side : Cutout,Private,10/14/2011,3.0,3x3,37.75907186,-122.4108723
108085,Permitted Site,Tree(s) ::,600X Hampshire St,4.0,Sidewalk: Curb side : Cutout,Private,11/20/2014,3.0,,37.76185647,-122.4082748
171734,DPW Maintained,Tristaniopsis laurina :: Swamp Myrtle,1100 Silliman St,1.0,Sidewalk: Curb side : Cutout,DPW,8/5/2017,0.0,3x5,37.72837419,-122.4162972
259375,DPW Maintained,Tristaniopsis laurina :: Swamp Myrtle,1562 Shafter Ave,1.0,Sidewalk: Curb side : Cutout,DPW,4/27/2019,3.0,,37.73068531,-122.3899845
91522,DPW Maintained,Tristaniopsis laurina :: Swamp Myrtle,4441 Mission St,2.0,Sidewalk: Curb side : Cutout,Private,5/11/2009,2.0,3x3,37.7271098,-122.4328423
36195,DPW Maintained,Tristaniopsis laurina :: Swamp Myrtle,1485 Armstrong Ave,2.0,Sidewalk: Curb side : Cutout,Private,5/5/1998,1.0,,37.72482067,-122.3899483
24674,DPW Maintained,Tristaniopsis laurina :: Swamp Myrtle,4249 Geary Blvd,1.0,Sidewalk: Curb side : Cutout,DPW,2/16/1996,3.0,,37.78077997,-122.4651131
39997,DPW Maintained,Tristaniopsis laurina :: Swamp Myrtle,871 Innes Ave,1.0,Sidewalk: Curb side : Cutout,Private,2/3/1999,5.0,,37.73161674,-122.3752807
254950,DPW Maintained,Tristaniopsis laurina :: Swamp Myrtle,2799X San Jose Ave,2.0,Sidewalk: Curb side : Cutout,Private,10/5/2018,3.0,3x3,37.71318875,-122.4533774
62157,DPW Maintained,Tristaniopsis laurina :: Swamp Myrtle,2158 Beach St,1.0,Sidewalk: Curb side : Cutout,Private,9/7/1985,10.0,,37.80364213,-122.4445763
145365,DPW Maintained,Tristaniopsis laurina :: Swamp Myrtle,550 09th Ave,1.0,Sidewalk: Curb side : Cutout,DPW,3/29/2018,3.0,3x4,37.7779814,-122.4672063
4814,DPW Maintained,Tristaniopsis laurina :: Swamp Myrtle,31 Cortland Ave,1.0,Sidewalk: Curb side : Cutout,Private,4/11/1996,3.0,3X3,37.74077029,-122.4220393
25254,DPW Maintained,Tristaniopsis laurina :: Swamp Myrtle,1400 Ocean Ave,1.0,Sidewalk: Curb side : Cutout,Private,4/26/1996,6.0,3X3,37.72427587,-122.4574966
30541,DPW Maintained,Tristaniopsis laurina :: Swamp Myrtle,401 Tunnel Ave,15.0,Sidewalk: Curb side : Cutout,Private,1/25/1995,6.0,,37.70971935,-122.4012565
26330,DPW Maintained,Tristaniopsis laurina :: Swamp Myrtle,1819 San Jose Ave,1.0,Sidewalk: Curb side : Cutout,DPW,12/5/1997,3.0,3X3,37.72843662,-122.4403249
100133,DPW Maintained,Tristaniopsis laurina :: Swamp Myrtle,155 05th St,5.0,Sidewalk: Curb side : Cutout,Private,10/2/2012,3.0,3x3,37.78218329,-122.4056428
90417,DPW Maintained,Tristaniopsis laurina :: Swamp Myrtle,60X Duboce Ave,3.0,Sidewalk: Curb side : Cutout,DPW,2/22/2008,3.0,3x3,37.77001157,-122.4214722
86422,DPW Maintained,Tristaniopsis laurina :: Swamp Myrtle,2371 26th Ave,1.0,Sidewalk: Curb side : Cutout,DPW,12/18/2006,3.0,3x3,37.74329088,-122.4833137
90398,DPW Maintained,Tristaniopsis laurina :: Swamp Myrtle,90X McCoppin St,4.0,Sidewalk: Curb side : Cutout,DPW,10/30/2015,3.0,3x3,37.77166224,-122.4223252
48424,DPW Maintained,Tristaniopsis laurina :: Swamp Myrtle,3034 Steiner St,1.0,Sidewalk: Curb side : Cutout,Private,9/3/2014,3.0,,37.79738002,-122.4371616
62256,DPW Maintained,Tristaniopsis laurina :: Swamp Myrtle,466 Capistrano Ave,1.0,Sidewalk: Curb side : Cutout,Private,10/3/1985,13.0,,37.72473245,-122.439258
81141,DPW Maintained,Tristaniopsis laurina :: Swamp Myrtle,1742 24th Ave,2.0,Sidewalk: Curb side : Cutout,Private,10/29/2007,3.0,3x3,37.75507787,-122.4818193
37611,DPW Maintained,Tristaniopsis laurina :: Swamp Myrtle,1451 Balboa St,3.0,Sidewalk: Curb side : Cutout,Private,6/26/1998,5.0,,37.77667839,-122.474478
92336,DPW Maintained,Tristaniopsis laurina :: Swamp Myrtle,2570 32nd Ave,1.0,Sidewalk: Curb side : Cutout,Private,7/28/2009,1.0,3x3,37.73928609,-122.4893228
9324,DPW Maintained,Tristaniopsis laurina :: Swamp Myrtle,121X Gold Mine Dr,1.0,Sidewalk: Curb side : Cutout,DPW,5/22/2013,2.0,2x2,37.74259907,-122.4383017
28604,Permitted Site,Tristaniopsis laurina :: Swamp Myrtle,1435 Ocean Ave,1.0,Sidewalk: Curb side : Cutout,Private,4/3/2003,3.0,3x3,37.7240951,-122.457609
16031,DPW Maintained,Tristaniopsis laurina :: Swamp Myrtle,151 Monterey Blvd,1.0,Sidewalk: Curb side : Cutout,DPW,11/19/2015,3.0,3X3,37.7314794,-122.4386049
26324,DPW Maintained,Tristaniopsis laurina :: Swamp Myrtle,1923 San Jose Ave,1.0,Sidewalk: Curb side : Cutout,DPW,12/14/2000,3.0,2X2,37.72646211,-122.4416865
30558,DPW Maintained,Tristaniopsis laurina :: Swamp Myrtle,401 Tunnel Ave,6.0,Sidewalk: Curb side : Cutout,Private,1/25/1995,3.0,,37.70905836,-122.4012579
39203,DPW Maintained,Tristaniopsis laurina :: Swamp Myrtle,3073X Alemany Blvd,4.0,Sidewalk: Curb side : Cutout,Private,11/23/1998,4.0,3x3,37.71049459,-122.4543945
90421,DPW Maintained,Tristaniopsis laurina :: Swamp Myrtle,186 Duboce Ave,1.0,Sidewalk: Curb side : Cutout,DPW,2/22/2008,3.0,3x3,37.76980689,-122.4242958
9252,DPW Maintained,Tristaniopsis laurina :: Swamp Myrtle,6500X Geary Blvd,6.0,Sidewalk: Curb side : Cutout,DPW,10/1/1993,3.0,3X3,37.78002123,-122.4895079
31593,DPW Maintained,Tristaniopsis laurina :: Swamp Myrtle,1201 Ortega St,1.0,Sidewalk: Curb side : Cutout,Private,5/10/1995,4.0,,37.75226382,-122.4771802
49567,DPW Maintained,Tristaniopsis laurina :: Swamp Myrtle,1824 Jennings St,1.0,Sidewalk: Curb side : Cutout,Private,5/5/2003,4.0,3x3,37.72861367,-122.3873585
52934,DPW Maintained,Tristaniopsis laurina :: Swamp Myrtle,41 Rudden Ave,1.0,Sidewalk: Curb side : Cutout,Private,8/3/2006,5.0,3x3,37.72421485,-122.4414654
63591,Permitted Site,Tristaniopsis laurina :: Swamp Myrtle,50 Laguna St,1.0,Sidewalk: Curb side : Cutout,Private,6/7/2016,3.0,3x3,37.77130362,-122.4251322
255300,Planning Code 138.1 required,Tristaniopsis laurina :: Swamp Myrtle,1238 Sutter St,1.0,Sidewalk: Curb side : Cutout,Private,5/7/2018,3.0,3x3,37.78777895,-122.4207993
65730,DPW Maintained,Tristaniopsis laurina :: Swamp Myrtle,231 Allison St,1.0,Sidewalk: Curb side : Cutout,Private,4/19/1990,11.0,,37.7119636,-122.4413891
17008,DPW Maintained,Tristaniopsis laurina :: Swamp Myrtle,1000 Oak St,1.0,Sidewalk: Curb side : Cutout,Private,2/20/2006,3.0,3x3,37.77339739,-122.4359103
38900,DPW Maintained,Tristaniopsis laurina :: Swamp Myrtle,162 Parker Ave,1.0,Sidewalk: Curb side : Cutout,Private,11/2/1998,7.0,,37.78252834,-122.4542802
92296,DPW Maintained,Tristaniopsis laurina :: Swamp Myrtle,1387 22nd Ave,1.0,Sidewalk: Curb side : Cutout,Private,7/27/2009,2.0,3x3,37.7618304,-122.4802972
43038,DPW Maintained,Tristaniopsis laurina :: Swamp Myrtle,150 California St,2.0,Sidewalk: Curb side : Cutout,Private,6/4/2003,4.0,,37.79348873,-122.3984652
15528,DPW Maintained,Tristaniopsis laurina :: Swamp Myrtle,2792 Mission St,1.0,Sidewalk: Curb side : Cutout,DPW,12/24/2019,3.0,3X3,37.75248063,-122.418554
17077,Permitted Site,Tristaniopsis laurina :: Swamp Myrtle,1477 Oak St,1.0,Sidewalk: Curb side : Cutout,Private,3/9/1994,8.0,3X3,37.77227776,-122.4436146
26434,DPW Maintained,Tristaniopsis laurina :: Swamp Myrtle,2578 San Jose Ave,1.0,Sidewalk: Curb side : Cutout,DPW,6/25/1997,6.0,3X3,37.71680235,-122.4499789
25309,DPW Maintained,Tristaniopsis laurina :: Swamp Myrtle,279X Ocean Ave,8.0,Sidewalk: Curb side : Cutout,DPW,12/15/2006,6.0,3x3,37.72307628,-122.441983
112322,DPW Maintained,Tristaniopsis laurina :: Swamp Myrtle,2600X Alemany Blvd,3.0,Median : Cutout,DPW,8/5/2015,3.0,3x3,37.71446386,-122.4476519
4542,DPW Maintained,Tristaniopsis laurina :: Swamp Myrtle,66 Cleary Ct,5.0,Sidewalk: Curb side : Cutout,DPW,1/19/2016,3.0,3X3,37.78412687,-122.4270214
86427,DPW Maintained,Tristaniopsis laurina :: Swamp Myrtle,2439 26th Ave,1.0,Sidewalk: Curb side : Cutout,DPW,12/18/2006,3.0,3x3,37.74198124,-122.4832184
86528,DPW Maintained,Tristaniopsis laurina :: Swamp Myrtle,1475 27th Ave,1.0,Sidewalk: Curb side : Cutout,DPW,12/26/2006,3.0,3x3,37.75993715,-122.4855405
45772,DPW Maintained,Tristaniopsis laurina :: Swamp Myrtle,738 Central Ave,1.0,Sidewalk: Curb side : Cutout,Private,10/24/2001,4.0,,37.77661939,-122.4448105
91100,DPW Maintained,Tristaniopsis laurina :: Swamp Myrtle,565 Oxford St,1.0,Sidewalk: Curb side : Cutout,Private,1/6/2009,5.0,3x3,37.72303181,-122.4180117
24687,Permitted Site,Tristaniopsis laurina :: Swamp Myrtle,6599X Geary Blvd,3.0,Sidewalk: Curb side : Cutout,Rec/Park,6/3/1997,3.0,3X3,37.77976648,-122.4901064
119183,DPW Maintained,Tristaniopsis laurina :: Swamp Myrtle,770 La Playa,2.0,Sidewalk: Curb side : Cutout,DPW,3/13/2018,3.0,Width 3ft,37.77395128,-122.5100033
56302,DPW Maintained,Tristaniopsis laurina :: Swamp Myrtle,131 09th Ave,1.0,Sidewalk: Curb side : Cutout,Private,8/15/1973,1.0,,37.78591896,-122.4679387
84417,DPW Maintained,Tristaniopsis laurina :: Swamp Myrtle,1403 Anza St,4.0,Sidewalk: Curb side : Cutout,Private,8/4/2008,4.0,3x3,37.77904841,-122.4634573
84082,DPW Maintained,Tristaniopsis laurina :: Swamp Myrtle,530-532 Visitacion Ave,1.0,Sidewalk: Curb side : Cutout,Private,6/5/2008,3.0,3x3,37.71067274,-122.4049729
10663,DPW Maintained,Tristaniopsis laurina :: Swamp Myrtle,963 Hayes St,1.0,Sidewalk: Curb side : Cutout,Private,11/25/1992,3.0,3x3,37.77563177,-122.4322671
